ID,Job Title,Email Address,FirstName LastName
1,Operator,Claire_Roscoe865@fuliss.net,Claire Roscoe
2,Ambulatory Nurse,Naomi_Clarke5038@guentu.biz,Naomi Clarke
3,Design Engineer,Enoch_White4741@nickia.com,Enoch White
4,Bellman,Rylee_Driscoll2175@liret.org,Rylee Driscoll
5,Cook,Olivia_Edler2459@sveldo.biz,Olivia Edler
6,Baker,Tony_Isaac5505@acrit.org,Tony Isaac
7,Dentist,Hayden_Ross9896@bretoux.com,Hayden Ross
8,Pharmacist,Peter_Snow4848@bungar.biz,Peter Snow
9,Health Educator,Enoch_Mooney5135@yahoo.com,Enoch Mooney
10,Budget Analyst,Martin_Brennan2127@gompie.com,Martin Brennan

